<?xml version="1.0" encoding="UTF-8"?>
<Effects version="1.1">
	<Effect>
		<Path>C:/Program Files/Common Files/VST3/Plugins.VST.NDI.Input.vst3</Path>
		<FileTime>2023-08-21 16:39</FileTime>
		<Name>Plugins.VST.NDI.Input</Name>
		<ID>Plugins.VST.NDI.Input</ID>
		<Categories></Categories>
		<CategoryMask>0</CategoryMask>
		<Favourite>0</Favourite>
		<Vendor></Vendor>
		<Inputs>-1</Inputs>
		<Outputs>-1</Outputs>
		<Enabled>0</Enabled>
		<Working>0</Working>
	</Effect>
	<Effect>
		<Path>C:/Program Files/Common Files/VST3/Plugins.VST.NDI.Output.vst3</Path>
		<FileTime>2023-08-21 16:39</FileTime>
		<Name>Plugins.VST.NDI.Output</Name>
		<ID>Plugins.VST.NDI.Output</ID>
		<Categories></Categories>
		<CategoryMask>0</CategoryMask>
		<Favourite>0</Favourite>
		<Vendor></Vendor>
		<Inputs>-1</Inputs>
		<Outputs>-1</Outputs>
		<Enabled>0</Enabled>
		<Working>0</Working>
	</Effect>
</Effects>
