<?xml version="1.0" encoding="UTF-8"?>
<Talkback>
	<TalkbackParameter module="MT_COMMS" index="0" parameter="CH_INPUT" value="0"/>
	<TalkbackParameter module="MT_COMMS" index="0" parameter="TRIM" value="0"/>
	<TalkbackParameter module="MT_COMMS" index="0" parameter="MIC_GAIN" value="0"/>
	<TalkbackParameter module="MT_COMMS" index="0" parameter="PHANTOM" value="0"/>
	<TalkbackParameter module="MT_COMMS" index="0" parameter="MIC_LINE" value="0"/>
	<TalkbackParameter module="MT_COMMS" index="0" parameter="COMP_THRES" value="0"/>
	<TalkbackParameter module="MT_COMMS" index="0" parameter="DYN_MAKEUP_OFFSET" value="0"/>
	<TalkbackParameter module="MT_COMMS" index="0" parameter="AUX_TB_SELECTION_MASK" value="3"/>
	<TalkbackParameter module="MT_COMMS" index="0" parameter="SUB_TB_SELECTION_MASK" value="3"/>
	<TalkbackParameter module="MT_COMMS" index="0" parameter="B_ASSIGN_0" value="67092479"/>
	<TalkbackParameter module="MT_COMMS" index="0" parameter="B_ASSIGN_1" value="67092479"/>
	<TalkbackParameter module="MT_COMMS" index="0" parameter="B_ASSIGN_2" value="67092479"/>
	<TalkbackParameter module="MT_COMMS" index="0" parameter="B_ASSIGN_3" value="67092479"/>
	<TalkbackParameter module="MT_COMMS" index="0" parameter="B_ASSIGN_4" value="67092479"/>
	<TalkbackParameter module="MT_COMMS" index="0" parameter="B_ASSIGN_5" value="67092479"/>
	<TalkbackParameter module="MT_COMMS" index="0" parameter="B_ASSIGN_6" value="67092479"/>
	<TalkbackParameter module="MT_COMMS" index="0" parameter="B_ASSIGN_7" value="67092479"/>
	<TalkbackParameter module="MT_COMMS" index="0" parameter="B_ASSIGN_8" value="67092479"/>
	<TalkbackParameter module="MT_COMMS" index="0" parameter="B_ASSIGN_9" value="67092479"/>
	<TalkbackParameter module="MT_COMMS" index="0" parameter="B_ASSIGN_10" value="67092479"/>
	<TalkbackParameter module="MT_COMMS" index="0" parameter="B_ASSIGN_11" value="67092479"/>
	<TalkbackParameter module="MT_COMMS" index="0" parameter="B_ASSIGN_12" value="67092479"/>
	<TalkbackParameter module="MT_COMMS" index="0" parameter="B_ASSIGN_13" value="67092479"/>
	<TalkbackParameter module="MT_COMMS" index="0" parameter="B_ASSIGN_14" value="67092479"/>
	<TalkbackParameter module="MT_COMMS" index="0" parameter="B_ASSIGN_15" value="67092479"/>
	<TalkbackParameter module="MT_COMMS" index="0" parameter="B_ASSIGN_16" value="67092479"/>
	<TalkbackParameter module="MT_COMMS" index="0" parameter="B_ASSIGN_17" value="67092479"/>
	<TalkbackParameter module="MT_COMMS" index="0" parameter="B_ASSIGN_18" value="67092479"/>
	<TalkbackParameter module="MT_COMMS" index="0" parameter="B_ASSIGN_19" value="67092479"/>
	<TalkbackParameter module="MT_COMMS" index="0" parameter="B_ASSIGN_20" value="67092479"/>
	<TalkbackParameter module="MT_COMMS" index="0" parameter="B_ASSIGN_21" value="67092479"/>
	<TalkbackParameter module="MT_COMMS" index="0" parameter="B_ASSIGN_22" value="67092479"/>
	<TalkbackParameter module="MT_COMMS" index="0" parameter="B_ASSIGN_23" value="67092479"/>
	<TalkbackParameter module="MT_COMMS" index="0" parameter="AUX_MUTE_0" value="1"/>
	<TalkbackParameter module="MT_COMMS" index="0" parameter="AUX_MUTE_1" value="1"/>
	<TalkbackParameter module="MT_COMMS" index="0" parameter="AUX_MUTE_2" value="1"/>
	<TalkbackParameter module="MT_COMMS" index="0" parameter="AUX_MUTE_3" value="1"/>
	<TalkbackParameter module="MT_COMMS" index="0" parameter="AUX_MUTE_4" value="1"/>
	<TalkbackParameter module="MT_COMMS" index="0" parameter="AUX_MUTE_5" value="1"/>
	<TalkbackParameter module="MT_COMMS" index="0" parameter="AUX_MUTE_6" value="1"/>
	<TalkbackParameter module="MT_COMMS" index="0" parameter="AUX_MUTE_7" value="1"/>
	<TalkbackParameter module="MT_COMMS" index="0" parameter="AUX_MUTE_8" value="1"/>
	<TalkbackParameter module="MT_COMMS" index="0" parameter="AUX_MUTE_9" value="1"/>
	<TalkbackParameter module="MT_COMMS" index="0" parameter="AUX_MUTE_10" value="1"/>
	<TalkbackParameter module="MT_COMMS" index="0" parameter="AUX_MUTE_11" value="1"/>
	<TalkbackParameter module="MT_COMMS" index="0" parameter="AUX_MUTE_12" value="1"/>
	<TalkbackParameter module="MT_COMMS" index="0" parameter="AUX_MUTE_13" value="1"/>
	<TalkbackParameter module="MT_COMMS" index="0" parameter="AUX_MUTE_14" value="1"/>
	<TalkbackParameter module="MT_COMMS" index="0" parameter="AUX_MUTE_15" value="1"/>
	<TalkbackParameter module="MT_COMMS" index="0" parameter="AUX_MUTE_16" value="1"/>
	<TalkbackParameter module="MT_COMMS" index="0" parameter="AUX_MUTE_17" value="1"/>
	<TalkbackParameter module="MT_COMMS" index="0" parameter="AUX_MUTE_18" value="1"/>
	<TalkbackParameter module="MT_COMMS" index="0" parameter="AUX_MUTE_19" value="1"/>
	<TalkbackParameter module="MT_COMMS" index="0" parameter="AUX_MUTE_20" value="1"/>
	<TalkbackParameter module="MT_COMMS" index="0" parameter="AUX_MUTE_21" value="1"/>
	<TalkbackParameter module="MT_COMMS" index="0" parameter="AUX_MUTE_22" value="1"/>
	<TalkbackParameter module="MT_COMMS" index="0" parameter="AUX_MUTE_23" value="1"/>
</Talkback>
