<?xml version="1.0" encoding="UTF-8" standalone="no" ?>
<AppSet>

  <AppSetWide>
    <AppName></AppName>
    <AppSetName></AppSetName>
    <AppSetUID>707A03B5-345E-42E0-B353-347A27A317E5</AppSetUID>
    <AppVersion></AppVersion>
    <Author></Author>
    <CreationDate>Mon May 23 11:09:16 2005</CreationDate>
    <EuConVersion>0.1Alpha</EuConVersion>
    <LastModifiedBy></LastModifiedBy>
    <MCVersion>0.1Alpha</MCVersion>
    <ModifiedDate>Tue Mar  8 18:30:08 2011</ModifiedDate>
    <Notes></Notes>
    <TargetHost></TargetHost>
    <CustomWheelCommands/>
  </AppSetWide>

  <ControlBindings>
    <Section ID="0" NAME="">
      <Bank ID="0" SIZE="16">
        <NormalKeys>
          <Control ID="SoftKey1" TYPE="SmartSwitch">
            <Label FONT="Arial Bold" FONTSIZE="12.0000" NOTEXT="1" TYPE="Text"/>
            <CommandSet SUBTYPE="OneShot"/>
          </Control>
          <Control ID="SoftKey2" TYPE="SmartSwitch">
            <Label FONT="Arial Bold" FONTSIZE="12.0000" NAME="Welcome" TYPE="Text"/>
            <CommandSet SUBTYPE="OneShot">
              <Command ID="1" TYPE="Key"></Command>
            </CommandSet>
          </Control>
          <Control ID="SoftKey3" TYPE="SmartSwitch">
            <Label FONT="Arial Bold" FONTSIZE="12.0000" NAME="To" TYPE="Text"/>
            <CommandSet SUBTYPE="OneShot">
              <Command ID="1" TYPE="Key"></Command>
            </CommandSet>
          </Control>
          <Control ID="SoftKey4" TYPE="SmartSwitch">
            <Label FONT="Arial Bold" FONTSIZE="12.0000" NAME="The" TYPE="Text"/>
            <CommandSet SUBTYPE="OneShot"/>
          </Control>
          <Control ID="SoftKey5" TYPE="SmartSwitch">
            <Label FONT="Arial Bold" FONTSIZE="12.0000" NAME="To" TYPE="Text"/>
            <CommandSet SUBTYPE="OneShot"/>
          </Control>
          <Control ID="SoftKey6" TYPE="SmartSwitch">
            <Label FONT="Arial Bold" FONTSIZE="12.0000" ICON="LOGO - Euphonix wave.gif" NOTEXT="1" TYPE="Icon"/>
            <CommandSet SUBTYPE="OneShot">
              <Command ID="1" TYPE="Key"></Command>
            </CommandSet>
          </Control>
          <Control ID="SoftKey7" TYPE="SmartSwitch">
            <Label FONT="Arial Bold" FONTSIZE="12.0000" NAME="Extensive" TYPE="Text"/>
            <CommandSet SUBTYPE="OneShot">
              <Command ID="1" TYPE="Key"></Command>
            </CommandSet>
          </Control>
          <Control ID="SoftKey8" TYPE="SmartSwitch">
            <Label FONT="Arial Bold" FONTSIZE="12.0000" NAME="Control" TYPE="Text"/>
            <CommandSet SUBTYPE="OneShot">
              <Command ID="1" TYPE="Key"></Command>
            </CommandSet>
          </Control>
          <Control ID="SoftKey9" TYPE="SmartSwitch">
            <Label FONT="Arial Bold" FONTSIZE="12.0000" NAME="Protocol" TYPE="Text"/>
            <CommandSet SUBTYPE="OneShot">
              <Command ID="1" TYPE="Key"></Command>
            </CommandSet>
          </Control>
          <Control ID="SoftKey10" TYPE="SmartSwitch">
            <Label FONT="Arial Bold" FONTSIZE="12.0000" NAME="On" TYPE="Text"/>
            <CommandSet SUBTYPE="OneShot"/>
          </Control>
          <Control ID="SoftKey11" TYPE="SmartSwitch">
            <Label FONT="Arial Bold" FONTSIZE="12.0000" NAME="The" TYPE="Text"/>
            <CommandSet SUBTYPE="OneShot"/>
          </Control>
          <Control ID="SoftKey12" TYPE="SmartSwitch">
            <Label FONT="Arial Bold" FONTSIZE="12.0000" NAME="To" TYPE="Text"/>
            <CommandSet SUBTYPE="OneShot"/>
          </Control>
          <Control ID="SoftKey13" TYPE="SmartSwitch">
            <Label FONT="Arial Bold" FONTSIZE="12.0000" NOTEXT="1" TYPE="Text"/>
            <CommandSet SUBTYPE="OneShot"/>
          </Control>
          <Control ID="SoftKey14" TYPE="SmartSwitch">
            <Label FONT="Arial Bold" FONTSIZE="12.0000" NOTEXT="1" TYPE="Text"/>
            <CommandSet SUBTYPE="OneShot"/>
          </Control>
          <Control ID="SoftKey15" TYPE="SmartSwitch">
            <Label FONT="Arial Bold" FONTSIZE="12.0000" NOTEXT="1" TYPE="Text"/>
            <CommandSet SUBTYPE="OneShot"/>
          </Control>
          <Control ID="SoftKey16" TYPE="SmartSwitch">
            <Label FONT="Arial Bold" FONTSIZE="12.0000" NOTEXT="1" TYPE="Text"/>
            <CommandSet SUBTYPE="OneShot"/>
          </Control>
        </NormalKeys>
      </Bank>
    </Section>
    <Section ID="1" NAME="">
      <Bank ID="0" SIZE="16">
        <NormalKeys>
          <Control ID="SoftKey1" TYPE="SmartSwitch">
            <Label FONT="Arial Bold" FONTSIZE="12.0000" NOTEXT="1" TYPE="Text"/>
            <CommandSet SUBTYPE="OneShot"/>
          </Control>
          <Control ID="SoftKey2" TYPE="SmartSwitch">
            <Label FONT="Arial Bold" FONTSIZE="12.0000" NAME="WELCOME" TYPE="Text"/>
            <CommandSet SUBTYPE="OneShot">
              <Command ID="1" TYPE="Key"></Command>
            </CommandSet>
          </Control>
          <Control ID="SoftKey3" TYPE="SmartSwitch">
            <Label FONT="Arial Bold" FONTSIZE="12.0000" NAME="TO" TYPE="Text"/>
            <CommandSet SUBTYPE="OneShot">
              <Command ID="1" TYPE="Key"></Command>
            </CommandSet>
          </Control>
          <Control ID="SoftKey4" TYPE="SmartSwitch">
            <Label FONT="Arial Bold" FONTSIZE="12.0000" NAME="ARTIST" TYPE="Text"/>
            <CommandSet SUBTYPE="OneShot"/>
          </Control>
          <Control ID="SoftKey5" TYPE="SmartSwitch">
            <Label FONT="Arial Bold" FONTSIZE="12.0000" NAME="SERIES" TYPE="Text"/>
            <CommandSet SUBTYPE="OneShot"/>
          </Control>
          <Control ID="SoftKey6" TYPE="SmartSwitch">
            <Label FONT="Arial Bold" FONTSIZE="12.0000" NOTEXT="1" TYPE="Text"/>
            <CommandSet SUBTYPE="OneShot">
              <Command ID="1" TYPE="Key"></Command>
            </CommandSet>
          </Control>
          <Control ID="SoftKey7" TYPE="SmartSwitch">
            <Label FONT="Arial Bold" FONTSIZE="12.0000" NOTEXT="1" TYPE="Text"/>
            <CommandSet SUBTYPE="OneShot">
              <Command ID="1" TYPE="Key"></Command>
            </CommandSet>
          </Control>
          <Control ID="SoftKey8" TYPE="SmartSwitch">
            <Label FONT="Arial Bold" FONTSIZE="12.0000" NOTEXT="1" TYPE="Text"/>
            <CommandSet SUBTYPE="OneShot">
              <Command ID="1" TYPE="Key"></Command>
            </CommandSet>
          </Control>
          <Control ID="SoftKey9" TYPE="SmartSwitch">
            <Label FONT="Arial Bold" FONTSIZE="12.0000" NOTEXT="1" TYPE="Text"/>
            <CommandSet SUBTYPE="OneShot">
              <Command ID="1" TYPE="Key"></Command>
            </CommandSet>
          </Control>
          <Control ID="SoftKey10" TYPE="SmartSwitch">
            <Label FONT="Arial Bold" FONTSIZE="12.0000" NOTEXT="1" TYPE="Text"/>
            <CommandSet SUBTYPE="OneShot"/>
          </Control>
          <Control ID="SoftKey11" TYPE="SmartSwitch">
            <Label FONT="Arial Bold" FONTSIZE="12.0000" NOTEXT="1" TYPE="Text"/>
            <CommandSet SUBTYPE="OneShot"/>
          </Control>
          <Control ID="SoftKey12" TYPE="SmartSwitch">
            <Label FONT="Arial Bold" FONTSIZE="12.0000" NOTEXT="1" TYPE="Text"/>
            <CommandSet SUBTYPE="OneShot"/>
          </Control>
          <Control ID="SoftKey13" TYPE="SmartSwitch">
            <Label FONT="Arial Bold" FONTSIZE="12.0000" NOTEXT="1" TYPE="Text"/>
            <CommandSet SUBTYPE="OneShot"/>
          </Control>
          <Control ID="SoftKey14" TYPE="SmartSwitch">
            <Label FONT="Arial Bold" FONTSIZE="12.0000" NOTEXT="1" TYPE="Text"/>
            <CommandSet SUBTYPE="OneShot"/>
          </Control>
          <Control ID="SoftKey15" TYPE="SmartSwitch">
            <Label FONT="Arial Bold" FONTSIZE="12.0000" NOTEXT="1" TYPE="Text"/>
            <CommandSet SUBTYPE="OneShot"/>
          </Control>
          <Control ID="SoftKey16" TYPE="SmartSwitch">
            <Label FONT="Arial Bold" FONTSIZE="12.0000" NOTEXT="1" TYPE="Text"/>
            <CommandSet SUBTYPE="OneShot"/>
          </Control>
        </NormalKeys>
      </Bank>
    </Section>
    <Section ID="2" NAME="">
      <Bank ID="0" SIZE="0"/>
    </Section>
    <Section ID="3" NAME="">
      <Bank ID="0" SIZE="24">
        <NormalKeys>
          <Control ID="SoftKey1" TYPE="SmartSwitch">
            <Label FONT="Arial Bold" FONTSIZE="12.0000" ICON="FILE - open Nuendo project.gif" NOTEXT="1" TYPE="Text"/>
            <CommandSet SUBTYPE="OneShot"/>
          </Control>
          <Control ID="SoftKey2" TYPE="SmartSwitch">
            <Label FONT="Arial Bold" FONTSIZE="12.0000" NOTEXT="1" TYPE="Text"/>
            <CommandSet SUBTYPE="OneShot"/>
          </Control>
          <Control ID="SoftKey3" TYPE="SmartSwitch">
            <Label FONT="Arial Bold" FONTSIZE="12.0000" NOTEXT="1" TYPE="Text"/>
            <CommandSet SUBTYPE="OneShot"/>
          </Control>
          <Control ID="SoftKey4" TYPE="SmartSwitch">
            <Label FONT="Arial Bold" FONTSIZE="12.0000" NOTEXT="1" TYPE="Text"/>
            <CommandSet SUBTYPE="OneShot"/>
          </Control>
          <Control ID="SoftKey5" TYPE="SmartSwitch">
            <Label FONT="Arial Bold" FONTSIZE="12.0000" NOTEXT="1" TYPE="Text"/>
            <CommandSet SUBTYPE="OneShot"/>
          </Control>
          <Control ID="SoftKey6" TYPE="SmartSwitch">
            <Label FONT="Arial Bold" FONTSIZE="12.0000" NOTEXT="1" TYPE="Text"/>
            <CommandSet SUBTYPE="OneShot"/>
          </Control>
          <Control ID="SoftKey7" TYPE="SmartSwitch">
            <Label FONT="Arial Bold" FONTSIZE="12.0000" NOTEXT="1" TYPE="Text"/>
            <CommandSet SUBTYPE="OneShot"/>
          </Control>
          <Control ID="SoftKey8" TYPE="SmartSwitch">
            <Label FONT="Arial Bold" FONTSIZE="12.0000" NOTEXT="1" TYPE="Text"/>
            <CommandSet SUBTYPE="OneShot"/>
          </Control>
          <Control ID="SoftKey9" TYPE="SmartSwitch">
            <Label FONT="Arial Bold" FONTSIZE="12.0000" NOTEXT="1" TYPE="Text"/>
            <CommandSet SUBTYPE="OneShot"/>
          </Control>
          <Control ID="SoftKey10" TYPE="SmartSwitch">
            <Label FONT="Arial Bold" FONTSIZE="12.0000" NOTEXT="1" TYPE="Text"/>
            <CommandSet SUBTYPE="OneShot"/>
          </Control>
          <Control ID="SoftKey11" TYPE="SmartSwitch">
            <Label FONT="Arial Bold" FONTSIZE="12.0000" NOTEXT="1" TYPE="Text"/>
            <CommandSet SUBTYPE="OneShot"/>
          </Control>
          <Control ID="SoftKey12" TYPE="SmartSwitch">
            <Label FONT="Arial Bold" FONTSIZE="12.0000" NOTEXT="1" TYPE="Text"/>
            <CommandSet SUBTYPE="OneShot"/>
          </Control>
          <Control ID="SoftKey13" TYPE="SmartSwitch">
            <Label FONT="Arial Bold" FONTSIZE="12.0000" NOTEXT="1" TYPE="Text"/>
            <CommandSet SUBTYPE="OneShot"/>
          </Control>
          <Control ID="SoftKey14" TYPE="SmartSwitch">
            <Label FONT="Arial Bold" FONTSIZE="12.0000" NOTEXT="1" TYPE="Text"/>
            <CommandSet SUBTYPE="OneShot"/>
          </Control>
          <Control ID="SoftKey15" TYPE="SmartSwitch">
            <Label FONT="Arial Bold" FONTSIZE="12.0000" NOTEXT="1" TYPE="Text"/>
            <CommandSet SUBTYPE="OneShot"/>
          </Control>
          <Control ID="SoftKey16" TYPE="SmartSwitch">
            <Label FONT="Arial Bold" FONTSIZE="12.0000" NOTEXT="1" TYPE="Text"/>
            <CommandSet SUBTYPE="OneShot"/>
          </Control>
          <Control ID="SoftKey17" TYPE="SmartSwitch">
            <Label FONT="Arial Bold" FONTSIZE="12.0000" NOTEXT="1" TYPE="Text"/>
            <CommandSet SUBTYPE="OneShot"/>
          </Control>
          <Control ID="SoftKey18" TYPE="SmartSwitch">
            <Label FONT="Arial Bold" FONTSIZE="12.0000" NOTEXT="1" TYPE="Text"/>
            <CommandSet SUBTYPE="OneShot"/>
          </Control>
          <Control ID="SoftKey19" TYPE="SmartSwitch">
            <Label FONT="Arial Bold" FONTSIZE="12.0000" NOTEXT="1" TYPE="Text"/>
            <CommandSet SUBTYPE="OneShot"/>
          </Control>
          <Control ID="SoftKey20" TYPE="SmartSwitch">
            <Label FONT="Arial Bold" FONTSIZE="12.0000" NOTEXT="1" TYPE="Text"/>
            <CommandSet SUBTYPE="OneShot"/>
          </Control>
          <Control ID="SoftKey21" TYPE="SmartSwitch">
            <Label FONT="Arial Bold" FONTSIZE="12.0000" NOTEXT="1" TYPE="Text"/>
            <CommandSet SUBTYPE="OneShot"/>
          </Control>
          <Control ID="SoftKey22" TYPE="SmartSwitch">
            <Label FONT="Arial Bold" FONTSIZE="12.0000" NOTEXT="1" TYPE="Text"/>
            <CommandSet SUBTYPE="OneShot"/>
          </Control>
          <Control ID="SoftKey23" TYPE="SmartSwitch">
            <Label FONT="Arial Bold" FONTSIZE="12.0000" NOTEXT="1" TYPE="Text"/>
            <CommandSet SUBTYPE="OneShot"/>
          </Control>
          <Control ID="SoftKey24" TYPE="SmartSwitch">
            <Label FONT="Arial Bold" FONTSIZE="12.0000" NOTEXT="1" TYPE="Text"/>
            <CommandSet SUBTYPE="OneShot"/>
          </Control>
        </NormalKeys>
      </Bank>
    </Section>
    <Section ID="4" NAME="">
      <Bank ID="0" SIZE="0"/>
    </Section>
    <Section ID="5" NAME="">
      <Bank ID="0" SIZE="0"/>
    </Section>
    <Section ID="6" NAME="">
      <Bank ID="0" SIZE="0"/>
    </Section>
    <Section ID="7" NAME="">
      <Bank ID="0" SIZE="0"/>
    </Section>
    <Section ID="8" NAME="">
      <Bank ID="0" SIZE="0"/>
    </Section>
    <Section ID="9" NAME="">
      <Bank ID="0" SIZE="0"/>
    </Section>
    <Section ID="10" NAME="">
      <Bank ID="0" SIZE="6">
        <NormalKeys>
          <Control ID="SoftKey1" TYPE="SmartSwitch">
            <Label FONT="Arial Bold" FONTSIZE="12.0000" NOTEXT="1" TYPE="Text"/>
            <CommandSet SUBTYPE="OneShot"/>
          </Control>
          <Control ID="SoftKey2" TYPE="SmartSwitch">
            <Label FONT="Arial Bold" FONTSIZE="12.0000" NOTEXT="1" TYPE="Text"/>
            <CommandSet SUBTYPE="OneShot"/>
          </Control>
          <Control ID="SoftKey3" TYPE="SmartSwitch">
            <Label FONT="Arial Bold" FONTSIZE="12.0000" NOTEXT="1" TYPE="Text"/>
            <CommandSet SUBTYPE="OneShot"/>
          </Control>
          <Control ID="SoftKey4" TYPE="SmartSwitch">
            <Label FONT="Arial Bold" FONTSIZE="12.0000" NOTEXT="1" TYPE="Text"/>
            <CommandSet SUBTYPE="OneShot"/>
          </Control>
          <Control ID="SoftKey5" TYPE="SmartSwitch">
            <Label FONT="Arial Bold" FONTSIZE="12.0000" NOTEXT="1" TYPE="Text"/>
            <CommandSet SUBTYPE="OneShot"/>
          </Control>
          <Control ID="SoftKey6" TYPE="SmartSwitch">
            <Label FONT="Arial Bold" FONTSIZE="12.0000" NOTEXT="1" TYPE="Text"/>
            <CommandSet SUBTYPE="OneShot"/>
          </Control>
        </NormalKeys>
        <ShiftKeys>
          <Control ID="SoftKey1" TYPE="SmartSwitch">
            <Label FONT="Arial Bold" FONTSIZE="12.0000" NOTEXT="1" TYPE="Text"/>
            <CommandSet SUBTYPE="OneShot"/>
          </Control>
          <Control ID="SoftKey2" TYPE="SmartSwitch">
            <Label FONT="Arial Bold" FONTSIZE="12.0000" NOTEXT="1" TYPE="Text"/>
            <CommandSet SUBTYPE="OneShot"/>
          </Control>
          <Control ID="SoftKey3" TYPE="SmartSwitch">
            <Label FONT="Arial Bold" FONTSIZE="12.0000" NOTEXT="1" TYPE="Text"/>
            <CommandSet SUBTYPE="OneShot"/>
          </Control>
          <Control ID="SoftKey4" TYPE="SmartSwitch">
            <Label FONT="Arial Bold" FONTSIZE="12.0000" NOTEXT="1" TYPE="Text"/>
            <CommandSet SUBTYPE="OneShot"/>
          </Control>
          <Control ID="SoftKey5" TYPE="SmartSwitch">
            <Label FONT="Arial Bold" FONTSIZE="12.0000" NOTEXT="1" TYPE="Text"/>
            <CommandSet SUBTYPE="OneShot"/>
          </Control>
          <Control ID="SoftKey6" TYPE="SmartSwitch">
            <Label FONT="Arial Bold" FONTSIZE="12.0000" NOTEXT="1" TYPE="Text"/>
            <CommandSet SUBTYPE="OneShot"/>
          </Control>
        </ShiftKeys>
      </Bank>
    </Section>
    <Section ID="11" NAME="">
      <Bank ID="0" SIZE="16">
        <NormalKeys>
          <Control ID="NumpadSoftKey1" TYPE="SmartSwitch">
            <Label FONT="Arial Bold" FONTSIZE="12.0000" NOTEXT="1" TYPE="Text"/>
            <CommandSet SUBTYPE="OneShot"/>
          </Control>
          <Control ID="NumpadSoftKey2" TYPE="SmartSwitch">
            <Label FONT="Arial Bold" FONTSIZE="12.0000" NOTEXT="1" TYPE="Text"/>
            <CommandSet SUBTYPE="OneShot"/>
          </Control>
          <Control ID="NumpadSoftKey3" TYPE="SmartSwitch">
            <Label FONT="Arial Bold" FONTSIZE="12.0000" NOTEXT="1" TYPE="Text"/>
            <CommandSet SUBTYPE="OneShot"/>
          </Control>
          <Control ID="NumpadSoftKey4" TYPE="SmartSwitch">
            <Label FONT="Arial Bold" FONTSIZE="12.0000" NOTEXT="1" TYPE="Text"/>
            <CommandSet SUBTYPE="OneShot"/>
          </Control>
          <Control ID="NumpadSoftKey5" TYPE="SmartSwitch">
            <Label FONT="Arial Bold" FONTSIZE="12.0000" NOTEXT="1" TYPE="Text"/>
            <CommandSet SUBTYPE="OneShot"/>
          </Control>
          <Control ID="NumpadSoftKey6" TYPE="SmartSwitch">
            <Label FONT="Arial Bold" FONTSIZE="12.0000" NOTEXT="1" TYPE="Text"/>
            <CommandSet SUBTYPE="OneShot"/>
          </Control>
          <Control ID="NumpadSoftKey7" TYPE="SmartSwitch">
            <Label FONT="Arial Bold" FONTSIZE="12.0000" NOTEXT="1" TYPE="Text"/>
            <CommandSet SUBTYPE="OneShot"/>
          </Control>
          <Control ID="NumpadSoftKey8" TYPE="SmartSwitch">
            <Label FONT="Arial Bold" FONTSIZE="12.0000" NOTEXT="1" TYPE="Text"/>
            <CommandSet SUBTYPE="OneShot"/>
          </Control>
          <Control ID="NumpadSoftKey9" TYPE="SmartSwitch">
            <Label FONT="Arial Bold" FONTSIZE="12.0000" NOTEXT="1" TYPE="Text"/>
            <CommandSet SUBTYPE="OneShot"/>
          </Control>
          <Control ID="NumpadSoftKey10" TYPE="SmartSwitch">
            <Label FONT="Arial Bold" FONTSIZE="12.0000" NOTEXT="1" TYPE="Text"/>
            <CommandSet SUBTYPE="OneShot"/>
          </Control>
          <Control ID="NumpadSoftKey11" TYPE="SmartSwitch">
            <Label FONT="Arial Bold" FONTSIZE="12.0000" NOTEXT="1" TYPE="Text"/>
            <CommandSet SUBTYPE="OneShot"/>
          </Control>
          <Control ID="NumpadSoftKey12" TYPE="SmartSwitch">
            <Label FONT="Arial Bold" FONTSIZE="12.0000" NOTEXT="1" TYPE="Text"/>
            <CommandSet SUBTYPE="OneShot"/>
          </Control>
          <Control ID="NumpadSoftKey13" TYPE="SmartSwitch">
            <Label FONT="Arial Bold" FONTSIZE="12.0000" NOTEXT="1" TYPE="Text"/>
            <CommandSet SUBTYPE="OneShot"/>
          </Control>
          <Control ID="NumpadSoftKey14" TYPE="SmartSwitch">
            <Label FONT="Arial Bold" FONTSIZE="12.0000" NOTEXT="1" TYPE="Text"/>
            <CommandSet SUBTYPE="OneShot"/>
          </Control>
          <Control ID="NumpadSoftKey15" TYPE="SmartSwitch">
            <Label FONT="Arial Bold" FONTSIZE="12.0000" NOTEXT="1" TYPE="Text"/>
            <CommandSet SUBTYPE="OneShot"/>
          </Control>
          <Control ID="NumpadSoftKey16" TYPE="SmartSwitch">
            <Label FONT="Arial Bold" FONTSIZE="12.0000" NOTEXT="1" TYPE="Text"/>
            <CommandSet SUBTYPE="OneShot"/>
          </Control>
        </NormalKeys>
        <ShiftKeys>
          <Control ID="NumpadSoftKey1" TYPE="SmartSwitch">
            <Label FONT="Arial Bold" FONTSIZE="12.0000" NOTEXT="1" TYPE="Text"/>
            <CommandSet SUBTYPE="OneShot"/>
          </Control>
          <Control ID="NumpadSoftKey2" TYPE="SmartSwitch">
            <Label FONT="Arial Bold" FONTSIZE="12.0000" NOTEXT="1" TYPE="Text"/>
            <CommandSet SUBTYPE="OneShot"/>
          </Control>
          <Control ID="NumpadSoftKey3" TYPE="SmartSwitch">
            <Label FONT="Arial Bold" FONTSIZE="12.0000" NOTEXT="1" TYPE="Text"/>
            <CommandSet SUBTYPE="OneShot"/>
          </Control>
          <Control ID="NumpadSoftKey4" TYPE="SmartSwitch">
            <Label FONT="Arial Bold" FONTSIZE="12.0000" NOTEXT="1" TYPE="Text"/>
            <CommandSet SUBTYPE="OneShot"/>
          </Control>
          <Control ID="NumpadSoftKey5" TYPE="SmartSwitch">
            <Label FONT="Arial Bold" FONTSIZE="12.0000" NOTEXT="1" TYPE="Text"/>
            <CommandSet SUBTYPE="OneShot"/>
          </Control>
          <Control ID="NumpadSoftKey6" TYPE="SmartSwitch">
            <Label FONT="Arial Bold" FONTSIZE="12.0000" NOTEXT="1" TYPE="Text"/>
            <CommandSet SUBTYPE="OneShot"/>
          </Control>
          <Control ID="NumpadSoftKey7" TYPE="SmartSwitch">
            <Label FONT="Arial Bold" FONTSIZE="12.0000" NOTEXT="1" TYPE="Text"/>
            <CommandSet SUBTYPE="OneShot"/>
          </Control>
          <Control ID="NumpadSoftKey8" TYPE="SmartSwitch">
            <Label FONT="Arial Bold" FONTSIZE="12.0000" NOTEXT="1" TYPE="Text"/>
            <CommandSet SUBTYPE="OneShot"/>
          </Control>
          <Control ID="NumpadSoftKey9" TYPE="SmartSwitch">
            <Label FONT="Arial Bold" FONTSIZE="12.0000" NOTEXT="1" TYPE="Text"/>
            <CommandSet SUBTYPE="OneShot"/>
          </Control>
          <Control ID="NumpadSoftKey10" TYPE="SmartSwitch">
            <Label FONT="Arial Bold" FONTSIZE="12.0000" NOTEXT="1" TYPE="Text"/>
            <CommandSet SUBTYPE="OneShot"/>
          </Control>
          <Control ID="NumpadSoftKey11" TYPE="SmartSwitch">
            <Label FONT="Arial Bold" FONTSIZE="12.0000" NOTEXT="1" TYPE="Text"/>
            <CommandSet SUBTYPE="OneShot"/>
          </Control>
          <Control ID="NumpadSoftKey12" TYPE="SmartSwitch">
            <Label FONT="Arial Bold" FONTSIZE="12.0000" NOTEXT="1" TYPE="Text"/>
            <CommandSet SUBTYPE="OneShot"/>
          </Control>
          <Control ID="NumpadSoftKey13" TYPE="SmartSwitch">
            <Label FONT="Arial Bold" FONTSIZE="12.0000" NOTEXT="1" TYPE="Text"/>
            <CommandSet SUBTYPE="OneShot"/>
          </Control>
          <Control ID="NumpadSoftKey14" TYPE="SmartSwitch">
            <Label FONT="Arial Bold" FONTSIZE="12.0000" NOTEXT="1" TYPE="Text"/>
            <CommandSet SUBTYPE="OneShot"/>
          </Control>
          <Control ID="NumpadSoftKey15" TYPE="SmartSwitch">
            <Label FONT="Arial Bold" FONTSIZE="12.0000" NOTEXT="1" TYPE="Text"/>
            <CommandSet SUBTYPE="OneShot"/>
          </Control>
          <Control ID="NumpadSoftKey16" TYPE="SmartSwitch">
            <Label FONT="Arial Bold" FONTSIZE="12.0000" NOTEXT="1" TYPE="Text"/>
            <CommandSet SUBTYPE="OneShot"/>
          </Control>
        </ShiftKeys>
      </Bank>
    </Section>
    <Section ID="12" NAME="">
      <Bank ID="0" SIZE="52">
        <NormalKeys>
          <Control ID="WheelSoftKey1" TYPE="SmartSwitch">
            <Label FONT="Arial Bold" FONTSIZE="12.0000" NOTEXT="1" TYPE="Text"/>
            <CommandSet SUBTYPE="OneShot"/>
          </Control>
          <Control ID="WheelSoftKey2" TYPE="SmartSwitch">
            <Label FONT="Arial Bold" FONTSIZE="12.0000" NOTEXT="1" TYPE="Text"/>
            <CommandSet SUBTYPE="OneShot"/>
          </Control>
          <Control ID="WheelSoftKey3" TYPE="SmartSwitch">
            <Label FONT="Arial Bold" FONTSIZE="12.0000" NOTEXT="1" TYPE="Text"/>
            <CommandSet SUBTYPE="OneShot"/>
          </Control>
          <Control ID="WheelSoftKey4" TYPE="SmartSwitch">
            <Label FONT="Arial Bold" FONTSIZE="12.0000" NOTEXT="1" TYPE="Text"/>
            <CommandSet SUBTYPE="OneShot"/>
          </Control>
          <Control ID="WheelSoftKey5" TYPE="SmartSwitch">
            <Label FONT="Arial Bold" FONTSIZE="12.0000" NOTEXT="1" TYPE="Text"/>
            <CommandSet SUBTYPE="OneShot"/>
          </Control>
          <Control ID="WheelSoftKey6" TYPE="SmartSwitch">
            <Label FONT="Arial Bold" FONTSIZE="12.0000" NOTEXT="1" TYPE="Text"/>
            <CommandSet SUBTYPE="OneShot"/>
          </Control>
          <Control ID="WheelSoftKey7" TYPE="SmartSwitch">
            <Label FONT="Arial Bold" FONTSIZE="12.0000" NOTEXT="1" TYPE="Text"/>
            <CommandSet SUBTYPE="OneShot"/>
          </Control>
          <Control ID="WheelSoftKey8" TYPE="SmartSwitch">
            <Label FONT="Arial Bold" FONTSIZE="12.0000" NOTEXT="1" TYPE="Text"/>
            <CommandSet SUBTYPE="OneShot"/>
          </Control>
          <Control ID="WheelSoftKey9" TYPE="SmartSwitch">
            <Label FONT="Arial Bold" FONTSIZE="12.0000" NOTEXT="1" TYPE="Text"/>
            <CommandSet SUBTYPE="OneShot"/>
          </Control>
          <Control ID="WheelSoftKey10" TYPE="SmartSwitch">
            <Label FONT="Arial Bold" FONTSIZE="12.0000" NOTEXT="1" TYPE="Text"/>
            <CommandSet SUBTYPE="OneShot"/>
          </Control>
          <Control ID="WheelSoftKey11" TYPE="SmartSwitch">
            <Label FONT="Arial Bold" FONTSIZE="12.0000" NOTEXT="1" TYPE="Text"/>
            <CommandSet SUBTYPE="OneShot"/>
          </Control>
          <Control ID="WheelSoftKey12" TYPE="SmartSwitch">
            <Label FONT="Arial Bold" FONTSIZE="12.0000" NOTEXT="1" TYPE="Text"/>
            <CommandSet SUBTYPE="OneShot"/>
          </Control>
          <Control ID="WheelSoftKey13" TYPE="SmartSwitch">
            <Label FONT="Arial Bold" FONTSIZE="12.0000" NOTEXT="1" TYPE="Text"/>
            <CommandSet SUBTYPE="OneShot"/>
          </Control>
          <Control ID="WheelSoftKey14" TYPE="SmartSwitch">
            <Label FONT="Arial Bold" FONTSIZE="12.0000" NOTEXT="1" TYPE="Text"/>
            <CommandSet SUBTYPE="OneShot"/>
          </Control>
          <Control ID="WheelSoftKey15" TYPE="SmartSwitch">
            <Label FONT="Arial Bold" FONTSIZE="12.0000" NOTEXT="1" TYPE="Text"/>
            <CommandSet SUBTYPE="OneShot"/>
          </Control>
          <Control ID="WheelSoftKey16" TYPE="SmartSwitch">
            <Label FONT="Arial Bold" FONTSIZE="12.0000" NOTEXT="1" TYPE="Text"/>
            <CommandSet SUBTYPE="OneShot"/>
          </Control>
          <Control ID="WheelSoftKey17" TYPE="SmartSwitch">
            <Label FONT="Arial Bold" FONTSIZE="12.0000" NOTEXT="1" TYPE="Text"/>
            <CommandSet SUBTYPE="OneShot"/>
          </Control>
          <Control ID="WheelSoftKey18" TYPE="SmartSwitch">
            <Label FONT="Arial Bold" FONTSIZE="12.0000" NOTEXT="1" TYPE="Text"/>
            <CommandSet SUBTYPE="OneShot"/>
          </Control>
          <Control ID="WheelSoftKey19" TYPE="SmartSwitch">
            <Label FONT="Arial Bold" FONTSIZE="12.0000" NOTEXT="1" TYPE="Text"/>
            <CommandSet SUBTYPE="OneShot"/>
          </Control>
          <Control ID="WheelSoftKey20" TYPE="SmartSwitch">
            <Label FONT="Arial Bold" FONTSIZE="12.0000" NOTEXT="1" TYPE="Text"/>
            <CommandSet SUBTYPE="OneShot"/>
          </Control>
          <Control ID="WheelSoftKey21" TYPE="SmartSwitch">
            <Label FONT="Arial Bold" FONTSIZE="12.0000" NOTEXT="1" TYPE="Text"/>
            <CommandSet SUBTYPE="OneShot"/>
          </Control>
          <Control ID="WheelSoftKey22" TYPE="SmartSwitch">
            <Label FONT="Arial Bold" FONTSIZE="12.0000" NOTEXT="1" TYPE="Text"/>
            <CommandSet SUBTYPE="OneShot"/>
          </Control>
          <Control ID="WheelSoftKey23" TYPE="SmartSwitch">
            <Label FONT="Arial Bold" FONTSIZE="12.0000" NOTEXT="1" TYPE="Text"/>
            <CommandSet SUBTYPE="OneShot"/>
          </Control>
          <Control ID="WheelSoftKey24" TYPE="SmartSwitch">
            <Label FONT="Arial Bold" FONTSIZE="12.0000" NOTEXT="1" TYPE="Text"/>
            <CommandSet SUBTYPE="OneShot"/>
          </Control>
          <Control ID="WheelSoftKey25" TYPE="SmartSwitch">
            <Label FONT="Arial Bold" FONTSIZE="12.0000" NOTEXT="1" TYPE="Text"/>
            <CommandSet SUBTYPE="OneShot"/>
          </Control>
          <Control ID="WheelSoftKey26" TYPE="SmartSwitch">
            <Label FONT="Arial Bold" FONTSIZE="12.0000" NOTEXT="1" TYPE="Text"/>
            <CommandSet SUBTYPE="OneShot"/>
          </Control>
          <Control ID="WheelSoftKey27" TYPE="SmartSwitch">
            <Label FONT="Arial Bold" FONTSIZE="12.0000" NOTEXT="1" TYPE="Text"/>
            <CommandSet SUBTYPE="OneShot"/>
          </Control>
          <Control ID="WheelSoftKey28" TYPE="SmartSwitch">
            <Label FONT="Arial Bold" FONTSIZE="12.0000" NOTEXT="1" TYPE="Text"/>
            <CommandSet SUBTYPE="OneShot"/>
          </Control>
          <Control ID="WheelSoftKey29" TYPE="SmartSwitch">
            <Label FONT="Arial Bold" FONTSIZE="12.0000" NOTEXT="1" TYPE="Text"/>
            <CommandSet SUBTYPE="OneShot"/>
          </Control>
          <Control ID="WheelSoftKey30" TYPE="SmartSwitch">
            <Label FONT="Arial Bold" FONTSIZE="12.0000" NOTEXT="1" TYPE="Text"/>
            <CommandSet SUBTYPE="OneShot"/>
          </Control>
          <Control ID="WheelSoftKey31" TYPE="SmartSwitch">
            <Label FONT="Arial Bold" FONTSIZE="12.0000" NOTEXT="1" TYPE="Text"/>
            <CommandSet SUBTYPE="OneShot"/>
          </Control>
          <Control ID="WheelSoftKey32" TYPE="SmartSwitch">
            <Label FONT="Arial Bold" FONTSIZE="12.0000" NOTEXT="1" TYPE="Text"/>
            <CommandSet SUBTYPE="OneShot"/>
          </Control>
          <Control ID="WheelSoftKey33" TYPE="SmartSwitch">
            <Label FONT="Arial Bold" FONTSIZE="12.0000" NOTEXT="1" TYPE="Text"/>
            <CommandSet SUBTYPE="OneShot"/>
          </Control>
          <Control ID="WheelSoftKey34" TYPE="SmartSwitch">
            <Label FONT="Arial Bold" FONTSIZE="12.0000" NOTEXT="1" TYPE="Text"/>
            <CommandSet SUBTYPE="OneShot"/>
          </Control>
          <Control ID="WheelSoftKey35" TYPE="SmartSwitch">
            <Label FONT="Arial Bold" FONTSIZE="12.0000" NOTEXT="1" TYPE="Text"/>
            <CommandSet SUBTYPE="OneShot"/>
          </Control>
          <Control ID="WheelSoftKey36" TYPE="SmartSwitch">
            <Label FONT="Arial Bold" FONTSIZE="12.0000" NOTEXT="1" TYPE="Text"/>
            <CommandSet SUBTYPE="OneShot"/>
          </Control>
          <Control ID="WheelSoftKey37" TYPE="SmartSwitch">
            <Label FONT="Arial Bold" FONTSIZE="12.0000" NOTEXT="1" TYPE="Text"/>
            <CommandSet SUBTYPE="OneShot"/>
          </Control>
          <Control ID="WheelSoftKey38" TYPE="SmartSwitch">
            <Label FONT="Arial Bold" FONTSIZE="12.0000" NOTEXT="1" TYPE="Text"/>
            <CommandSet SUBTYPE="OneShot"/>
          </Control>
          <Control ID="WheelSoftKey39" TYPE="SmartSwitch">
            <Label FONT="Arial Bold" FONTSIZE="12.0000" NOTEXT="1" TYPE="Text"/>
            <CommandSet SUBTYPE="OneShot"/>
          </Control>
          <Control ID="WheelSoftKey40" TYPE="SmartSwitch">
            <Label FONT="Arial Bold" FONTSIZE="12.0000" NOTEXT="1" TYPE="Text"/>
            <CommandSet SUBTYPE="OneShot"/>
          </Control>
          <Control ID="WheelSoftKey41" TYPE="SmartSwitch">
            <Label FONT="Arial Bold" FONTSIZE="12.0000" NOTEXT="1" TYPE="Text"/>
            <CommandSet SUBTYPE="OneShot"/>
          </Control>
          <Control ID="WheelSoftKey42" TYPE="SmartSwitch">
            <Label FONT="Arial Bold" FONTSIZE="12.0000" NOTEXT="1" TYPE="Text"/>
            <CommandSet SUBTYPE="OneShot"/>
          </Control>
          <Control ID="WheelSoftKey43" TYPE="SmartSwitch">
            <Label FONT="Arial Bold" FONTSIZE="12.0000" NOTEXT="1" TYPE="Text"/>
            <CommandSet SUBTYPE="OneShot"/>
          </Control>
          <Control ID="WheelSoftKey44" TYPE="SmartSwitch">
            <Label FONT="Arial Bold" FONTSIZE="12.0000" NOTEXT="1" TYPE="Text"/>
            <CommandSet SUBTYPE="OneShot"/>
          </Control>
          <Control ID="WheelSoftKey45" TYPE="SmartSwitch">
            <Label FONT="Arial Bold" FONTSIZE="12.0000" NOTEXT="1" TYPE="Text"/>
            <CommandSet SUBTYPE="OneShot"/>
          </Control>
          <Control ID="WheelSoftKey46" TYPE="SmartSwitch">
            <Label FONT="Arial Bold" FONTSIZE="12.0000" NOTEXT="1" TYPE="Text"/>
            <CommandSet SUBTYPE="OneShot"/>
          </Control>
          <Control ID="WheelSoftKey47" TYPE="SmartSwitch">
            <Label FONT="Arial Bold" FONTSIZE="12.0000" NOTEXT="1" TYPE="Text"/>
            <CommandSet SUBTYPE="OneShot"/>
          </Control>
          <Control ID="WheelSoftKey48" TYPE="SmartSwitch">
            <Label FONT="Arial Bold" FONTSIZE="12.0000" NOTEXT="1" TYPE="Text"/>
            <CommandSet SUBTYPE="OneShot"/>
          </Control>
          <Control ID="WheelSoftKey49" TYPE="SmartSwitch">
            <Label FONT="Arial Bold" FONTSIZE="12.0000" NOTEXT="1" TYPE="Text"/>
            <CommandSet SUBTYPE="OneShot"/>
          </Control>
          <Control ID="WheelSoftKey50" TYPE="SmartSwitch">
            <Label FONT="Arial Bold" FONTSIZE="12.0000" NOTEXT="1" TYPE="Text"/>
            <CommandSet SUBTYPE="OneShot"/>
          </Control>
          <Control ID="WheelSoftKey51" TYPE="SmartSwitch">
            <Label FONT="Arial Bold" FONTSIZE="12.0000" NOTEXT="1" TYPE="Text"/>
            <CommandSet SUBTYPE="OneShot"/>
          </Control>
          <Control ID="WheelSoftKey52" TYPE="SmartSwitch">
            <Label FONT="Arial Bold" FONTSIZE="12.0000" NOTEXT="1" TYPE="Text"/>
            <CommandSet SUBTYPE="OneShot"/>
          </Control>
        </NormalKeys>
        <ShiftKeys>
          <Control ID="WheelSoftKey1" TYPE="SmartSwitch">
            <Label FONT="Arial Bold" FONTSIZE="12.0000" NOTEXT="1" TYPE="Text"/>
            <CommandSet SUBTYPE="OneShot"/>
          </Control>
          <Control ID="WheelSoftKey2" TYPE="SmartSwitch">
            <Label FONT="Arial Bold" FONTSIZE="12.0000" NOTEXT="1" TYPE="Text"/>
            <CommandSet SUBTYPE="OneShot"/>
          </Control>
          <Control ID="WheelSoftKey3" TYPE="SmartSwitch">
            <Label FONT="Arial Bold" FONTSIZE="12.0000" NOTEXT="1" TYPE="Text"/>
            <CommandSet SUBTYPE="OneShot"/>
          </Control>
          <Control ID="WheelSoftKey4" TYPE="SmartSwitch">
            <Label FONT="Arial Bold" FONTSIZE="12.0000" NOTEXT="1" TYPE="Text"/>
            <CommandSet SUBTYPE="OneShot"/>
          </Control>
          <Control ID="WheelSoftKey5" TYPE="SmartSwitch">
            <Label FONT="Arial Bold" FONTSIZE="12.0000" NOTEXT="1" TYPE="Text"/>
            <CommandSet SUBTYPE="OneShot"/>
          </Control>
          <Control ID="WheelSoftKey6" TYPE="SmartSwitch">
            <Label FONT="Arial Bold" FONTSIZE="12.0000" NOTEXT="1" TYPE="Text"/>
            <CommandSet SUBTYPE="OneShot"/>
          </Control>
          <Control ID="WheelSoftKey7" TYPE="SmartSwitch">
            <Label FONT="Arial Bold" FONTSIZE="12.0000" NOTEXT="1" TYPE="Text"/>
            <CommandSet SUBTYPE="OneShot"/>
          </Control>
          <Control ID="WheelSoftKey8" TYPE="SmartSwitch">
            <Label FONT="Arial Bold" FONTSIZE="12.0000" NOTEXT="1" TYPE="Text"/>
            <CommandSet SUBTYPE="OneShot"/>
          </Control>
          <Control ID="WheelSoftKey9" TYPE="SmartSwitch">
            <Label FONT="Arial Bold" FONTSIZE="12.0000" NOTEXT="1" TYPE="Text"/>
            <CommandSet SUBTYPE="OneShot"/>
          </Control>
          <Control ID="WheelSoftKey10" TYPE="SmartSwitch">
            <Label FONT="Arial Bold" FONTSIZE="12.0000" NOTEXT="1" TYPE="Text"/>
            <CommandSet SUBTYPE="OneShot"/>
          </Control>
          <Control ID="WheelSoftKey11" TYPE="SmartSwitch">
            <Label FONT="Arial Bold" FONTSIZE="12.0000" NOTEXT="1" TYPE="Text"/>
            <CommandSet SUBTYPE="OneShot"/>
          </Control>
          <Control ID="WheelSoftKey12" TYPE="SmartSwitch">
            <Label FONT="Arial Bold" FONTSIZE="12.0000" NOTEXT="1" TYPE="Text"/>
            <CommandSet SUBTYPE="OneShot"/>
          </Control>
          <Control ID="WheelSoftKey13" TYPE="SmartSwitch">
            <Label FONT="Arial Bold" FONTSIZE="12.0000" NOTEXT="1" TYPE="Text"/>
            <CommandSet SUBTYPE="OneShot"/>
          </Control>
          <Control ID="WheelSoftKey14" TYPE="SmartSwitch">
            <Label FONT="Arial Bold" FONTSIZE="12.0000" NOTEXT="1" TYPE="Text"/>
            <CommandSet SUBTYPE="OneShot"/>
          </Control>
          <Control ID="WheelSoftKey15" TYPE="SmartSwitch">
            <Label FONT="Arial Bold" FONTSIZE="12.0000" NOTEXT="1" TYPE="Text"/>
            <CommandSet SUBTYPE="OneShot"/>
          </Control>
          <Control ID="WheelSoftKey16" TYPE="SmartSwitch">
            <Label FONT="Arial Bold" FONTSIZE="12.0000" NOTEXT="1" TYPE="Text"/>
            <CommandSet SUBTYPE="OneShot"/>
          </Control>
          <Control ID="WheelSoftKey17" TYPE="SmartSwitch">
            <Label FONT="Arial Bold" FONTSIZE="12.0000" NOTEXT="1" TYPE="Text"/>
            <CommandSet SUBTYPE="OneShot"/>
          </Control>
          <Control ID="WheelSoftKey18" TYPE="SmartSwitch">
            <Label FONT="Arial Bold" FONTSIZE="12.0000" NOTEXT="1" TYPE="Text"/>
            <CommandSet SUBTYPE="OneShot"/>
          </Control>
          <Control ID="WheelSoftKey19" TYPE="SmartSwitch">
            <Label FONT="Arial Bold" FONTSIZE="12.0000" NOTEXT="1" TYPE="Text"/>
            <CommandSet SUBTYPE="OneShot"/>
          </Control>
          <Control ID="WheelSoftKey20" TYPE="SmartSwitch">
            <Label FONT="Arial Bold" FONTSIZE="12.0000" NOTEXT="1" TYPE="Text"/>
            <CommandSet SUBTYPE="OneShot"/>
          </Control>
          <Control ID="WheelSoftKey21" TYPE="SmartSwitch">
            <Label FONT="Arial Bold" FONTSIZE="12.0000" NOTEXT="1" TYPE="Text"/>
            <CommandSet SUBTYPE="OneShot"/>
          </Control>
          <Control ID="WheelSoftKey22" TYPE="SmartSwitch">
            <Label FONT="Arial Bold" FONTSIZE="12.0000" NOTEXT="1" TYPE="Text"/>
            <CommandSet SUBTYPE="OneShot"/>
          </Control>
          <Control ID="WheelSoftKey23" TYPE="SmartSwitch">
            <Label FONT="Arial Bold" FONTSIZE="12.0000" NOTEXT="1" TYPE="Text"/>
            <CommandSet SUBTYPE="OneShot"/>
          </Control>
          <Control ID="WheelSoftKey24" TYPE="SmartSwitch">
            <Label FONT="Arial Bold" FONTSIZE="12.0000" NOTEXT="1" TYPE="Text"/>
            <CommandSet SUBTYPE="OneShot"/>
          </Control>
          <Control ID="WheelSoftKey25" TYPE="SmartSwitch">
            <Label FONT="Arial Bold" FONTSIZE="12.0000" NOTEXT="1" TYPE="Text"/>
            <CommandSet SUBTYPE="OneShot"/>
          </Control>
          <Control ID="WheelSoftKey26" TYPE="SmartSwitch">
            <Label FONT="Arial Bold" FONTSIZE="12.0000" NOTEXT="1" TYPE="Text"/>
            <CommandSet SUBTYPE="OneShot"/>
          </Control>
          <Control ID="WheelSoftKey27" TYPE="SmartSwitch">
            <Label FONT="Arial Bold" FONTSIZE="12.0000" NOTEXT="1" TYPE="Text"/>
            <CommandSet SUBTYPE="OneShot"/>
          </Control>
          <Control ID="WheelSoftKey28" TYPE="SmartSwitch">
            <Label FONT="Arial Bold" FONTSIZE="12.0000" NOTEXT="1" TYPE="Text"/>
            <CommandSet SUBTYPE="OneShot"/>
          </Control>
          <Control ID="WheelSoftKey29" TYPE="SmartSwitch">
            <Label FONT="Arial Bold" FONTSIZE="12.0000" NOTEXT="1" TYPE="Text"/>
            <CommandSet SUBTYPE="OneShot"/>
          </Control>
          <Control ID="WheelSoftKey30" TYPE="SmartSwitch">
            <Label FONT="Arial Bold" FONTSIZE="12.0000" NOTEXT="1" TYPE="Text"/>
            <CommandSet SUBTYPE="OneShot"/>
          </Control>
          <Control ID="WheelSoftKey31" TYPE="SmartSwitch">
            <Label FONT="Arial Bold" FONTSIZE="12.0000" NOTEXT="1" TYPE="Text"/>
            <CommandSet SUBTYPE="OneShot"/>
          </Control>
          <Control ID="WheelSoftKey32" TYPE="SmartSwitch">
            <Label FONT="Arial Bold" FONTSIZE="12.0000" NOTEXT="1" TYPE="Text"/>
            <CommandSet SUBTYPE="OneShot"/>
          </Control>
          <Control ID="WheelSoftKey33" TYPE="SmartSwitch">
            <Label FONT="Arial Bold" FONTSIZE="12.0000" NOTEXT="1" TYPE="Text"/>
            <CommandSet SUBTYPE="OneShot"/>
          </Control>
          <Control ID="WheelSoftKey34" TYPE="SmartSwitch">
            <Label FONT="Arial Bold" FONTSIZE="12.0000" NOTEXT="1" TYPE="Text"/>
            <CommandSet SUBTYPE="OneShot"/>
          </Control>
          <Control ID="WheelSoftKey35" TYPE="SmartSwitch">
            <Label FONT="Arial Bold" FONTSIZE="12.0000" NOTEXT="1" TYPE="Text"/>
            <CommandSet SUBTYPE="OneShot"/>
          </Control>
          <Control ID="WheelSoftKey36" TYPE="SmartSwitch">
            <Label FONT="Arial Bold" FONTSIZE="12.0000" NOTEXT="1" TYPE="Text"/>
            <CommandSet SUBTYPE="OneShot"/>
          </Control>
          <Control ID="WheelSoftKey37" TYPE="SmartSwitch">
            <Label FONT="Arial Bold" FONTSIZE="12.0000" NOTEXT="1" TYPE="Text"/>
            <CommandSet SUBTYPE="OneShot"/>
          </Control>
          <Control ID="WheelSoftKey38" TYPE="SmartSwitch">
            <Label FONT="Arial Bold" FONTSIZE="12.0000" NOTEXT="1" TYPE="Text"/>
            <CommandSet SUBTYPE="OneShot"/>
          </Control>
          <Control ID="WheelSoftKey39" TYPE="SmartSwitch">
            <Label FONT="Arial Bold" FONTSIZE="12.0000" NOTEXT="1" TYPE="Text"/>
            <CommandSet SUBTYPE="OneShot"/>
          </Control>
          <Control ID="WheelSoftKey40" TYPE="SmartSwitch">
            <Label FONT="Arial Bold" FONTSIZE="12.0000" NOTEXT="1" TYPE="Text"/>
            <CommandSet SUBTYPE="OneShot"/>
          </Control>
          <Control ID="WheelSoftKey41" TYPE="SmartSwitch">
            <Label FONT="Arial Bold" FONTSIZE="12.0000" NOTEXT="1" TYPE="Text"/>
            <CommandSet SUBTYPE="OneShot"/>
          </Control>
          <Control ID="WheelSoftKey42" TYPE="SmartSwitch">
            <Label FONT="Arial Bold" FONTSIZE="12.0000" NOTEXT="1" TYPE="Text"/>
            <CommandSet SUBTYPE="OneShot"/>
          </Control>
          <Control ID="WheelSoftKey43" TYPE="SmartSwitch">
            <Label FONT="Arial Bold" FONTSIZE="12.0000" NOTEXT="1" TYPE="Text"/>
            <CommandSet SUBTYPE="OneShot"/>
          </Control>
          <Control ID="WheelSoftKey44" TYPE="SmartSwitch">
            <Label FONT="Arial Bold" FONTSIZE="12.0000" NOTEXT="1" TYPE="Text"/>
            <CommandSet SUBTYPE="OneShot"/>
          </Control>
          <Control ID="WheelSoftKey45" TYPE="SmartSwitch">
            <Label FONT="Arial Bold" FONTSIZE="12.0000" NOTEXT="1" TYPE="Text"/>
            <CommandSet SUBTYPE="OneShot"/>
          </Control>
          <Control ID="WheelSoftKey46" TYPE="SmartSwitch">
            <Label FONT="Arial Bold" FONTSIZE="12.0000" NOTEXT="1" TYPE="Text"/>
            <CommandSet SUBTYPE="OneShot"/>
          </Control>
          <Control ID="WheelSoftKey47" TYPE="SmartSwitch">
            <Label FONT="Arial Bold" FONTSIZE="12.0000" NOTEXT="1" TYPE="Text"/>
            <CommandSet SUBTYPE="OneShot"/>
          </Control>
          <Control ID="WheelSoftKey48" TYPE="SmartSwitch">
            <Label FONT="Arial Bold" FONTSIZE="12.0000" NOTEXT="1" TYPE="Text"/>
            <CommandSet SUBTYPE="OneShot"/>
          </Control>
          <Control ID="WheelSoftKey49" TYPE="SmartSwitch">
            <Label FONT="Arial Bold" FONTSIZE="12.0000" NOTEXT="1" TYPE="Text"/>
            <CommandSet SUBTYPE="OneShot"/>
          </Control>
          <Control ID="WheelSoftKey50" TYPE="SmartSwitch">
            <Label FONT="Arial Bold" FONTSIZE="12.0000" NOTEXT="1" TYPE="Text"/>
            <CommandSet SUBTYPE="OneShot"/>
          </Control>
          <Control ID="WheelSoftKey51" TYPE="SmartSwitch">
            <Label FONT="Arial Bold" FONTSIZE="12.0000" NOTEXT="1" TYPE="Text"/>
            <CommandSet SUBTYPE="OneShot"/>
          </Control>
          <Control ID="WheelSoftKey52" TYPE="SmartSwitch">
            <Label FONT="Arial Bold" FONTSIZE="12.0000" NOTEXT="1" TYPE="Text"/>
            <CommandSet SUBTYPE="OneShot"/>
          </Control>
        </ShiftKeys>
      </Bank>
    </Section>
    <Section ID="13" NAME="">
      <Bank ID="0" SIZE="0"/>
    </Section>
    <Section ID="14" NAME="">
      <Bank ID="0" SIZE="9">
        <NormalKeys>
          <Control ID="SoftKey1" TYPE="SmartSwitch">
            <Label FONT="Arial Bold" FONTSIZE="12.0000" NAME="F1" NOTEXT="1" TYPE="Text"/>
            <CommandSet SUBTYPE="OneShot">
              <Command ID="1" TYPE="EuCon">*/Key Commands/F Keys/F1</Command>
            </CommandSet>
          </Control>
          <Control ID="SoftKey2" TYPE="SmartSwitch">
            <Label FONT="Arial Bold" FONTSIZE="12.0000" NAME="F2" NOTEXT="1" TYPE="Text"/>
            <CommandSet SUBTYPE="OneShot">
              <Command ID="1" TYPE="EuCon">*/Key Commands/F Keys/F2</Command>
            </CommandSet>
          </Control>
          <Control ID="SoftKey3" TYPE="SmartSwitch">
            <Label FONT="Arial Bold" FONTSIZE="12.0000" NAME="F3" NOTEXT="1" TYPE="Text"/>
            <CommandSet SUBTYPE="OneShot">
              <Command ID="1" TYPE="EuCon">*/Key Commands/F Keys/F3</Command>
            </CommandSet>
          </Control>
          <Control ID="SoftKey4" TYPE="SmartSwitch">
            <Label FONT="Arial Bold" FONTSIZE="12.0000" NAME="F4" NOTEXT="1" TYPE="Text"/>
            <CommandSet SUBTYPE="OneShot">
              <Command ID="1" TYPE="EuCon">*/Key Commands/F Keys/F4</Command>
            </CommandSet>
          </Control>
          <Control ID="SoftKey5" TYPE="SmartSwitch">
            <Label FONT="Arial Bold" FONTSIZE="12.0000" NAME="F5" NOTEXT="1" TYPE="Text"/>
            <CommandSet SUBTYPE="OneShot">
              <Command ID="1" TYPE="EuCon">*/Key Commands/F Keys/F5</Command>
            </CommandSet>
          </Control>
          <Control ID="SoftKey6" TYPE="SmartSwitch">
            <Label FONT="Arial Bold" FONTSIZE="12.0000" NAME="F6" NOTEXT="1" TYPE="Text"/>
            <CommandSet SUBTYPE="OneShot">
              <Command ID="1" TYPE="EuCon">*/Key Commands/F Keys/F6</Command>
            </CommandSet>
          </Control>
          <Control ID="SoftKey7" TYPE="SmartSwitch">
            <Label FONT="Arial Bold" FONTSIZE="12.0000" NAME="F7" NOTEXT="1" TYPE="Text"/>
            <CommandSet SUBTYPE="OneShot">
              <Command ID="1" TYPE="EuCon">*/Key Commands/F Keys/F7</Command>
            </CommandSet>
          </Control>
          <Control ID="SoftKey8" TYPE="SmartSwitch">
            <Label FONT="Arial Bold" FONTSIZE="12.0000" NAME="F8" NOTEXT="1" TYPE="Text"/>
            <CommandSet SUBTYPE="OneShot">
              <Command ID="1" TYPE="EuCon">*/Key Commands/F Keys/F8</Command>
            </CommandSet>
          </Control>
          <Control ID="SoftKey9" TYPE="SmartSwitch">
            <Label FONT="Arial Bold" FONTSIZE="12.0000" NAME="F9" NOTEXT="1" TYPE="Text"/>
            <CommandSet SUBTYPE="OneShot">
              <Command ID="1" TYPE="EuCon">*/Key Commands/F Keys/F9</Command>
            </CommandSet>
          </Control>
        </NormalKeys>
        <ShiftKeys>
          <Control ID="SoftKey1" TYPE="SmartSwitch">
            <Label FONT="Arial Bold" FONTSIZE="12.0000" NAME="F1" NOTEXT="1" TYPE="Text"/>
            <CommandSet SUBTYPE="OneShot">
              <Command ID="1" TYPE="EuCon">*/Key Commands/F Keys/F1</Command>
            </CommandSet>
          </Control>
          <Control ID="SoftKey2" TYPE="SmartSwitch">
            <Label FONT="Arial Bold" FONTSIZE="12.0000" NAME="F2" NOTEXT="1" TYPE="Text"/>
            <CommandSet SUBTYPE="OneShot">
              <Command ID="1" TYPE="EuCon">*/Key Commands/F Keys/F2</Command>
            </CommandSet>
          </Control>
          <Control ID="SoftKey3" TYPE="SmartSwitch">
            <Label FONT="Arial Bold" FONTSIZE="12.0000" NAME="F3" NOTEXT="1" TYPE="Text"/>
            <CommandSet SUBTYPE="OneShot">
              <Command ID="1" TYPE="EuCon">*/Key Commands/F Keys/F3</Command>
            </CommandSet>
          </Control>
          <Control ID="SoftKey4" TYPE="SmartSwitch">
            <Label FONT="Arial Bold" FONTSIZE="12.0000" NAME="F4" NOTEXT="1" TYPE="Text"/>
            <CommandSet SUBTYPE="OneShot">
              <Command ID="1" TYPE="EuCon">*/Key Commands/F Keys/F4</Command>
            </CommandSet>
          </Control>
          <Control ID="SoftKey5" TYPE="SmartSwitch">
            <Label FONT="Arial Bold" FONTSIZE="12.0000" NAME="F5" NOTEXT="1" TYPE="Text"/>
            <CommandSet SUBTYPE="OneShot">
              <Command ID="1" TYPE="EuCon">*/Key Commands/F Keys/F5</Command>
            </CommandSet>
          </Control>
          <Control ID="SoftKey6" TYPE="SmartSwitch">
            <Label FONT="Arial Bold" FONTSIZE="12.0000" NAME="F6" NOTEXT="1" TYPE="Text"/>
            <CommandSet SUBTYPE="OneShot">
              <Command ID="1" TYPE="EuCon">*/Key Commands/F Keys/F6</Command>
            </CommandSet>
          </Control>
          <Control ID="SoftKey7" TYPE="SmartSwitch">
            <Label FONT="Arial Bold" FONTSIZE="12.0000" NAME="F7" NOTEXT="1" TYPE="Text"/>
            <CommandSet SUBTYPE="OneShot">
              <Command ID="1" TYPE="EuCon">*/Key Commands/F Keys/F7</Command>
            </CommandSet>
          </Control>
          <Control ID="SoftKey8" TYPE="SmartSwitch">
            <Label FONT="Arial Bold" FONTSIZE="12.0000" NAME="F8" NOTEXT="1" TYPE="Text"/>
            <CommandSet SUBTYPE="OneShot">
              <Command ID="1" TYPE="EuCon">*/Key Commands/F Keys/F8</Command>
            </CommandSet>
          </Control>
          <Control ID="SoftKey9" TYPE="SmartSwitch">
            <Label FONT="Arial Bold" FONTSIZE="12.0000" NAME="F9" NOTEXT="1" TYPE="Text"/>
            <CommandSet SUBTYPE="OneShot">
              <Command ID="1" TYPE="EuCon">*/Key Commands/F Keys/F9</Command>
            </CommandSet>
          </Control>
        </ShiftKeys>
      </Bank>
    </Section>
  </ControlBindings>

</AppSet>
